"school_name","distance_to_nearest_park_miles","duration","nearest_park","ela_proficiency","SAT_average_reading_score","SAT_average_math_score","isa_proficiency","latitude","longitude"
"Academy for Global Citizenship",0.2,4,"LE CLAIRE COURTS - HEARST COMM. CTR",44,NA,NA,23,41.8133129,-87.7476851
"ACE Amandla Charter School",0.4,9,"MONTGOMERY (MABEL)",3,434.5,400.3,6,41.7692066,-87.6909357
"Acero Chtr Sch Network  - Jovita Idar Elem School",0.2,4,"PRITZKER",65,NA,NA,58,41.8781136,-87.6297982
"Acero Chtr Sch Network -  Major Hector P Garcia MD H S",0.5,11,"ARCHER (WILLIAM BEATTY)",9,427.1,405.3,36,41.8085403,-87.7307842
"Acero Chtr Sch Network - Bartolome de las Casas Elem Sch",0.2,4,"PRITZKER",27,NA,NA,21,41.8781136,-87.6297982
"Acero Chtr Sch Network - Brighton Park Elem School",0.4,9,"KELLY (EDWARD)",64,NA,NA,36,41.8170843,-87.6994269
"Acero Chtr Sch Network - Carlos Fuentes  Elem School",0.2,4,"PRITZKER",48,NA,NA,21,41.8781136,-87.6297982
"Acero Chtr Sch Network - Esmeralda Santiago Elem Sch",0.2,4,"PRITZKER",35,NA,NA,21,41.8781136,-87.6297982
"Acero Chtr Sch Network - Octavio Paz Elem School",0.2,4,"PRITZKER",11,NA,NA,11,41.8781136,-87.6297982
"Acero Chtr Sch Network - Officer Donald J Marquez  Elem",0.8,17,"PARK NO. 596",49,NA,NA,36,41.8085713,-87.6971777
"Acero Chtr Sch Network - PFC Omar E Torres Elem Sch",0.5,11,"ARCHER (WILLIAM BEATTY)",49,NA,NA,44,41.8086091,-87.730777
"Acero Chtr Sch Network - Rufino Tamayo Elem Sch",0.2,4,"PRITZKER",64,NA,NA,24,41.8781136,-87.6297982
"Acero Chtr Sch Network - SPC Daniel Zizumbo Elem Sch",0.5,11,"ARCHER (WILLIAM BEATTY)",60,NA,NA,38,41.8082946,-87.730771
"Acero Chtr Sch Network Victoria Soto Campus",0.2,4,"PRITZKER",8,425.7,417.1,29,41.8781136,-87.6297982
"Acero Chtr Sch Network- Sandra Cisneros Elem School",0.2,4,"PRITZKER",43,NA,NA,34,41.8781136,-87.6297982
"Acero Chtr Sch Network- Sor Juana Ines de la Cruz K-12",0.2,4,"PRITZKER",34,398.7,398.2,22,41.8781136,-87.6297982
"Acero Chtr Sch Newtwork - Roberto Clemente Elem School",0.2,4,"PRITZKER",29,NA,NA,29,41.8781136,-87.6297982
"Addams Elem School",0.2,4,"PRITZKER",88,NA,NA,55,41.8781136,-87.6297982
"Air Force Acad High School",0.2,4,"WENTWORTH (JOHN) GARDENS",3,443.6,408.2,16,41.8278882,-87.6329602
"Albany Park Multicultural Elem",0.3,7,"KIWANIS",38,NA,NA,42,41.9710983,-87.7094963
"Alcott College Prep",0.1,3,"HAMLIN (HANNIBAL)",11,438.7,426,20,41.9357564,-87.6804999
"Alcott Elem School",0.2,5,"PARK WEST",223,NA,NA,90,41.9296481,-87.6459706
"Aldridge Elem School",0.3,7,"GOLDEN GATE",22,NA,NA,12,41.6575986,-87.6064917
"Amundsen High School",0.2,5,"WINNEMAC",127,497,483.9,161,41.9757105,-87.6800944
"Ariel Elem Community Academy",0.3,7,"KENNICOTT (JONATHAN)",30,NA,NA,13,41.8112293,-87.5990248
"Armour Elem School",0.4,8,"WILSON (JOHN) COMM. CTR.",57,NA,NA,13,41.8340245,-87.6500203
"Armstrong G Elem IntL Studies",0.2,4,"PRITZKER",306,NA,NA,139,41.8781136,-87.6297982
"Art in Motion Charter School",0.2,4,"HODES (BARNET)",6,383.4,372.7,36,41.7600762,-87.582956
"Ashburn Community Elem School",0.7,16,"HAYES (FRANCIS)",39,NA,NA,20,41.7418771,-87.70981
"Ashe Elem School",0.2,4,"PRITZKER",16,NA,NA,10,41.8781136,-87.6297982
"Asian Human Services -Passage Chrtr",0.3,7,"GREEN BRIAR",36,NA,NA,21,41.990808,-87.6905249
"Aspira Charter - Business and Finance HS",0.2,4,"PRITZKER",4,398.6,385.2,11,41.8781136,-87.6297982
"ASPIRA Charter - Early College Prep HS",0.2,4,"PRITZKER",2,410.4,401.8,7,41.8781136,-87.6297982
"Audubon Elem School",0.5,11,"KLEIN (LOIS)",146,NA,NA,69,41.9454045,-87.6811717
"Austin College and Career Academy High School",0.3,8,"AUSTIN TOWN HALL",0,378.2,372.5,5,41.8853945,-87.7629756
"Avalon Park Elem School",0.3,7,"DEBOW (RUSSELL)",29,NA,NA,9,41.7485226,-87.5912872
"Avondale - Logandale Elementary School",0.5,12,"GRAPE",74,NA,NA,49,41.93442,-87.7080682
"Azuela Elem School",0.1,2,"MADIGAN (MICHAEL J., SR.)",184,NA,NA,80,41.7707596,-87.739418
"Back of The Yards IB HS",0.4,10,"CORNELL (PAUL) SQUARE",46,462.6,469.3,84,41.8066775,-87.6679765
"Barbara A Sizemore Campus",0.3,6,"JUNCTION GROVE",25,NA,NA,11,41.7749818,-87.6346662
"Barnard Elem Comp Math & Sci Ctr",0.4,9,"GRAVER (PHILIP)",39,NA,NA,19,41.7053977,-87.6585088
"Barry Elem School",0.3,7,"KELVYN (WILLIAM)",40,NA,NA,25,41.9326675,-87.7397552
"Barton Elem School",0.7,15,"DAWES (CHARLES)",15,NA,NA,10,41.7546087,-87.6713822
"Bass Elem School",0.2,5,"OGDEN (WILLIAM)",14,NA,NA,13,41.774826,-87.6537978
"Bateman Elem School",0.3,6,"HORNER (HENRY)",136,NA,NA,79,41.9581283,-87.7026013
"Beasley Elem Magnet Academic Ctr",0.2,4,"PRITZKER",104,NA,NA,79,41.8781136,-87.6297982
"Beaubien Elem School",0.1,3,"ROBERTS (DANIEL) SQUARE",322,NA,NA,146,41.971969,-87.75704
"Beethoven Elem School",0.6,13,"FULLER (MELVILLE)",10,NA,NA,4,41.8082729,-87.6271793
"Beidler Elem School",0.3,6,"JEFFERSON (NANCY)",13,NA,NA,8,41.8850873,-87.7048525
"Belding Elem School",0.4,10,"PARK NO. 593",119,NA,NA,57,41.9586494,-87.7336896
"Bell Elem School",0.5,12,"REVERE (PAUL)",387,NA,NA,172,41.9495261,-87.6862446
"Belmont-Cragin Elem School",0.2,5,"RIIS (JACOB)",19,NA,NA,10,41.9240043,-87.7789795
"Bennett Elem School",0.2,4,"PRITZKER",18,NA,NA,8,41.8781136,-87.6297982
"Betty  Shabazz International Charter School",0.3,6,"GRAND CROSSING",36,NA,NA,12,41.7523456,-87.5999727
"Black Magnet Elem School",0.6,12,"OWENS (JESSE)",135,NA,NA,54,41.7290715,-87.5764754
"Blaine Elem School",0.3,6,"JUNIPER",271,NA,NA,101,41.9509619,-87.664931
"Bogan High School",0.3,6,"BOGAN (WILLIAM)",6,401.1,386.9,21,41.7488228,-87.7208705
"Bond Elem School",0.8,18,"OGDEN (WILLIAM)",21,NA,NA,7,41.7657551,-87.6532524
"Bouchet Elem Math & Science Acad",0.3,7,"ROSENBLUM (J. LESLIE)",34,NA,NA,25,41.761255,-87.5759154
"Bowen High School",0.3,7,"BESSEMER (HENRY)",0,384.6,370.6,0,41.7341011,-87.5575717
"Bradwell Comm Arts & Sci Elem Sch",0.2,4,"PRITZKER",23,NA,NA,13,41.8781136,-87.6297982
"Brennemann Elem School",0.3,6,"CLARENDON COMM. CTR.",36,NA,NA,29,41.9600422,-87.6492392
"Brentano Elem Math & Science Acad",0.3,7,"GRAPE",123,NA,NA,57,41.9310115,-87.6960406
"Bret Harte Elem School",0.2,5,"CORNELL (PAUL)",40,NA,NA,19,41.793763,-87.5868694
"Bridge Elem School",0.6,12,"SHABBONA",188,NA,NA,118,41.9496834,-87.7988494
"Bright Elem School",0.2,4,"PRITZKER",25,NA,NA,5,41.8781136,-87.6297982
"Brighton Park Elem School",0.5,12,"KELLY (EDWARD)",35,NA,NA,27,41.8238257,-87.6920458
"Bronzeville Academy Charter School",0.2,5,"HOUSTON (JESSIE ""MA"")",23,NA,NA,21,41.8052485,-87.6068332
"Bronzeville Classical Elementary School",0.1,3,"METCALFE (RALPH)",173,NA,NA,45,41.8193835,-87.6267783
"Bronzeville Scholastic HS",0.3,6,"TAYLOR (ROBERT ROCHON)",1,NA,NA,NA,41.8048151,-87.6254335
"Brooks College Prep Academy HS",0.3,6,"PALMER (POTTER)",206,559.3,546.8,213,41.6940833,-87.6158523
"Brown  W Elem School",0.2,5,"PARK NO. 578",13,NA,NA,1,41.8829751,-87.671251
"Brown R Elem Community Acad",0.2,4,"PRITZKER",33,NA,NA,17,41.8781136,-87.6297982
"Brownell Elem School",0.6,14,"PERIWINKLE",11,NA,NA,6,41.7712075,-87.6214482
"Brunson Math & Sci Specialty Elem",0.5,11,"DAVIS (MARGARET)",19,NA,NA,10,41.8972904,-87.7658014
"Budlong Elem School",0.2,4,"PRITZKER",130,NA,NA,69,41.8781136,-87.6297982
"Burbank Elem School",0.2,4,"PRITZKER",59,NA,NA,67,41.8781136,-87.6297982
"Burke Elem School",0.5,12,"HANSBERRY (LORRAINE)",4,NA,NA,0,41.7971454,-87.6165811
"Burley Elem School",0.2,4,"PRITZKER",206,NA,NA,82,41.8781136,-87.6297982
"Burnham Elem Inclusive Academy",0.2,4,"PRITZKER",17,NA,NA,15,41.8781136,-87.6297982
"Burnside Elem Scholastic Academy",0.3,8,"TULEY (MURRAY)",62,NA,NA,26,41.7287712,-87.6076161
"Burr Elem School",0.1,3,"WALSH (JOHN)",191,NA,NA,78,41.912127,-87.6686796
"Burroughs Elem School",0.4,9,"BRIGHTON",106,NA,NA,43,41.8288622,-87.6926724
"Byrne Elem School",0.4,8,"NORMANDY",147,NA,NA,88,41.7948196,-87.7910176
"Calmeca Acad Elem School",1.1,24,"BRIGHTON",44,NA,NA,41,41.8250071,-87.7114323
"Cameron Elem School",0.2,4,"PRITZKER",39,NA,NA,36,41.8781136,-87.6297982
"Camras Elem School",0.9,21,"CHOPIN (FREDERIC)",70,NA,NA,51,41.9354705,-87.7704059
"Canty Elem School",0.6,13,"HIAWATHA",238,NA,NA,93,41.9478642,-87.8297303
"Cardenas Elem School",0.2,4,"SHEDD (JOHN G.)",157,NA,NA,80,41.8483619,-87.7157993
"Carnegie Elem School",0.3,6,"HUCKLEBERRY",107,NA,NA,43,41.7836708,-87.5911031
"Carroll Elem School",0.2,4,"PRITZKER",45,NA,NA,27,41.8781136,-87.6297982
"Carson Elem School",0.3,5,"GAGE (GEORGE)",182,NA,NA,80,41.7932658,-87.6884388
"Carter Elem School",0.3,7,"HANSBERRY (LORRAINE)",14,NA,NA,17,41.789759,-87.6234465
"Carver Military Academy HS",1.0,22,"CARVER (GEORGE WASHINGTON)",10,450.9,420.4,16,41.6565704,-87.5897674
"Carver Primary School",0.3,6,"CARVER (GEORGE WASHINGTON)",19,NA,NA,10,41.6531556,-87.6009671
"Casals Elem School",0.4,8,"PARK NO. 514",95,NA,NA,35,41.9043934,-87.7140646
"Cassell Elem School",1.0,22,"MOUNT GREENWOOD",102,NA,NA,46,41.6874657,-87.7037995
"Catalyst Charter - Maria ES",0.2,4,"PRITZKER",85,424.9,399.6,61,41.8781136,-87.6297982
"Catalyst Charter-Circle Rock ES",0.2,4,"PRITZKER",65,NA,NA,25,41.8781136,-87.6297982
"Cather Elem School",0.4,9,"JEFFERSON (NANCY)",14,NA,NA,7,41.8832478,-87.6993249
"Chalmers Elem Specialty School",0.3,7,"BARBERRY",13,NA,NA,9,41.8663519,-87.6950557
"Chappell Elem School",0.2,4,"WINNEMAC",126,NA,NA,65,41.9750589,-87.6833838
"Chase Elem School",0.2,4,"PRITZKER",41,NA,NA,26,41.8781136,-87.6297982
"Chavez Elem Multicultural Acad Ct",0.3,7,"KIWANIS",143,NA,NA,72,41.9710983,-87.7094963
"Chicago Academy Elem School",0.8,17,"CHOPIN (FREDERIC)",89,NA,NA,51,41.9429136,-87.7770251
"Chicago Academy High School",0.8,17,"CHOPIN (FREDERIC)",25,449.4,433.2,43,41.9429669,-87.7769852
"Chicago Collegiate Charter School",0.3,6,"PULLMAN (GEORGE)",18,423.5,397,20,41.6958892,-87.6084913
"Chicago Excel Academy HS",0.3,6,"ADA (SAWYER GARRETT)",1,399,380,1,41.6920111,-87.6536147
"Chicago HS for Agricult Sciences",0.3,5,"MOUNT GREENWOOD",54,492.6,453.4,86,41.690225,-87.7176465
"Chicago HS for the Arts",0.5,12,"WESTERN",54,500.6,446.6,89,41.8994827,-87.6950336
"Chicago Math & Sci Elem Charter",0.1,3,"TOUHY (PATRICK)",88,464.8,474.6,83,42.0134326,-87.6751504
"Chicago Military Academy HS",0.4,8,"ANDERSON (LOUIS)",3,446.5,409.8,9,41.8303817,-87.6191728
"Chicago Technology Academy HS",0.2,4,"PRITZKER",2,398.2,374.3,7,41.8781136,-87.6297982
"Chicago Vocational Career Acad HS",0.2,5,"OWENS (JESSE)",6,394.8,374.3,9,41.7377229,-87.5729254
"Chicago World Language Academy",0.3,8,"ARRIGO (VICTOR)",132,NA,NA,54,41.8747919,-87.6612967
"Chopin Elem School",0.2,4,"WESTERN",21,NA,NA,14,41.8967965,-87.6885788
"Christopher Elem School",0.2,4,"PRITZKER",17,NA,NA,19,41.8781136,-87.6297982
"Christopher House Chrt ES",0.2,4,"PRITZKER",55,NA,NA,39,41.8781136,-87.6297982
"CICS - Avalon/South Shore",0.5,10,"ROSENBLUM (J. LESLIE)",107,NA,NA,24,41.7589929,-87.5700257
"CICS - Basil Campus",0.6,14,"HERMITAGE",85,NA,NA,36,41.7941213,-87.6702102
"CICS - Bond Campus",0.4,10,"CARVER (GEORGE WASHINGTON)",12,NA,NA,3,41.6532109,-87.6055395
"CICS - Bucktown Campus",0.3,7,"HOLSTEIN",62,NA,NA,38,41.9225216,-87.6813243
"CICS - Irving Park Campus",0.5,12,"ELSTON (DANIEL)",113,NA,NA,58,41.9506699,-87.7107644
"CICS - Longwood Campus",0.6,13,"BRAINERD",101,405,386.8,42,41.7203213,-87.6557986
"CICS - Loomis Primary Campus",0.7,17,"RIDGE PARK WETLANDS",NA,NA,NA,NA,41.7200257,-87.6569353
"CICS - Northtown  Campus",0.5,12,"NORTH PARK NATURE CENTER",31,444.5,433.1,24,41.9909405,-87.7282245
"CICS - Prairie Campus",0.4,9,"KENSINGTON",39,NA,NA,16,41.6844708,-87.6171892
"CICS - Ralph Ellison Campus",0.4,8,"DAWES (CHARLES)",0,388.6,358.8,4,41.7481405,-87.6689966
"CICS - Washington Pk Campus",0.2,5,"HARDING (GEORGE)",95,NA,NA,23,41.8039321,-87.6150162
"CICS - West Belden Campus",0.2,4,"AIELLO (JOHN)",57,NA,NA,24,41.921641,-87.776554
"CICS - Wrightwood",0.5,11,"HAYES (FRANCIS)",35,NA,NA,42,41.7451135,-87.6928694
"Claremont Academy Elem School",0.1,3,"OAKLEY",31,NA,NA,15,41.7777801,-87.6813355
"Clark  G R Elem School",1.0,23,"COLUMBUS (CHRISTOPHER)",23,NA,NA,14,41.867936,-87.7702113
"Clark Acad Prep Magnet High Schl",0.2,4,"PRITZKER",5,404.2,374.6,2,41.8781136,-87.6297982
"Clay Elem School",0.5,11,"MANN (JAMES)",56,NA,NA,33,41.6546178,-87.5440956
"Clemente Community Academy HS",0.3,7,"WESTERN",6,390.8,376.8,24,41.9026116,-87.6864154
"Cleveland Elem School",0.5,12,"SACRAMENTO",60,NA,NA,33,41.9516974,-87.7059845
"Clinton Elem School",0.2,4,"PRITZKER",150,NA,NA,67,41.8781136,-87.6297982
"Clissold Elem School",0.4,9,"CRESCENT",57,NA,NA,34,41.6934967,-87.6795349
"Colemon J Elem Academy",0.2,6,"COOPER (JACK)",27,NA,NA,19,41.6773755,-87.6570317
"Coles Elem Language Academy",0.6,13,"ECKERSALL (WALTER HERBERT)",14,NA,NA,7,41.7414615,-87.5657299
"Collins Academy High School",0.5,12,"DOUGLASS (ANNA & FREDERICK)",0,388.8,379.8,1,41.8640759,-87.7011184
"Columbia Explorers Elem Academy",1.0,21,"KELLY (EDWARD)",190,NA,NA,86,41.8109019,-87.7045572
"Columbus Elem School",0.2,4,"PRITZKER",39,NA,NA,24,41.8781136,-87.6297982
"Cook Elem School",0.3,8,"FOSTER (J. FRANK)",18,NA,NA,18,41.7458392,-87.6599833
"Coonley Elem School",0.5,12,"FILBERT",382,NA,NA,166,41.9554822,-87.6839294
"Cooper Elem Dual Language Academy",0.4,8,"HARRISON (CARTER)",38,NA,NA,35,41.8562196,-87.6672278
"Corkery Elem School",0.9,21,"PIOTROWSKI (LILLIAN)",23,NA,NA,13,41.8456066,-87.7321396
"Corliss High School",0.3,6,"GATELY (JAMES)",3,392.1,374.5,3,41.7066424,-87.6027457
"Courtenay Elem Language Arts Ctr",0.2,5,"BRONCHO BILLY",14,NA,NA,16,41.9621192,-87.6639745
"Crane Medical Prep HS",0.3,8,"TOUHY-HERBERT (JOHN, VICTOR)",3,428.8,399.5,13,41.8769747,-87.6832298
"Crown Elem Comm Acd Fine Arts Ctr",0.2,4,"PRITZKER",19,NA,NA,11,41.8781136,-87.6297982
"Cuffe Math-Sci Tech Elem Academy",0.4,9,"FOSTER (J. FRANK)",28,NA,NA,13,41.7424646,-87.6539083
"Cullen Elem School",0.6,13,"PARK NO. 588",22,NA,NA,16,41.7002763,-87.6116522
"Curie Metropolitan High School",0.4,9,"CURIE (MARIE)",74,441.8,431.2,95,41.8022427,-87.72167
"Curtis Elem School",0.7,15,"PALMER (POTTER)",7,NA,NA,3,41.6857787,-87.6220484
"Daisy Bates Academy of Social Justice",0.2,4,"PRITZKER",20,NA,NA,16,41.8781136,-87.6297982
"Daley Elem Academy",0.2,4,"CORNELL (PAUL) SQUARE",9,NA,NA,15,41.8024364,-87.6724829
"Darwin Elem School",0.2,4,"PRITZKER",65,NA,NA,30,41.8781136,-87.6297982
"Davis M Magnet Elem School",0.2,4,"PRITZKER",9,NA,NA,10,41.8781136,-87.6297982
"Davis N Elem School",0.2,4,"PRITZKER",19,NA,NA,35,41.8781136,-87.6297982
"Dawes Elem School",0.2,3,"BOGAN (WILLIAM)",128,NA,NA,83,41.7453732,-87.7180313
"De Diego Elem Community Academy",0.3,7,"PARK NO. 399",35,NA,NA,24,41.9052614,-87.685685
"Decatur Classical Elem School",0.2,4,"LERNER (LEO)",191,NA,NA,55,42.0095453,-87.7049571
"Deneen Elem School",0.5,12,"MEYERING (WILLIAM)",34,NA,NA,13,41.7624357,-87.623708
"Depriest Elem School",0.4,8,"COLUMBUS (CHRISTOPHER)",21,NA,NA,18,41.8780204,-87.7661176
"Dett Elem School",0.1,2,"TOUHY-HERBERT (JOHN, VICTOR)",1,NA,NA,2,41.8797104,-87.6804568
"Dever Elem School",0.8,18,"SHABBONA",105,NA,NA,65,41.9425567,-87.8135905
"Devry Advantage Academy High Schl",0.3,6,"VOGLE (HENRY JR.)",20,503,495.7,29,41.9689156,-87.6765729
"Dewey Elem Academy of Fine Arts",0.3,6,"PARK NO. 421",21,NA,NA,10,41.7959743,-87.6423053
"Dirksen Elem School",0.2,4,"PRITZKER",187,NA,NA,101,41.8781136,-87.6297982
"Disney Elem Magnet School",0.2,4,"PRITZKER",357,NA,NA,169,41.8781136,-87.6297982
"Disney II Elem School",0.7,15,"INDEPENDENCE",103,NA,NA,42,41.9505183,-87.7302021
"Disney II Magnet HS",0.2,5,"INDEPENDENCE",87,495,446.3,76,41.9521904,-87.7206118
"Dixon Elem School",0.4,9,"BROWN (SIDNEY) MEML.",141,NA,NA,63,41.74333,-87.6105986
"Dore Elem School",0.3,7,"NOTTINGHAM",120,NA,NA,68,41.7743673,-87.7998245
"Douglass Academy High School",0.3,6,"AUSTIN TOWN HALL",NA,NA,NA,NA,41.8905747,-87.7671581
"Drake Elem School",0.1,2,"WILLIAMS (DANIEL HALE)",21,NA,NA,5,41.8437356,-87.6287219
"Drummond Elem School",0.2,4,"PRITZKER",59,NA,NA,25,41.8781136,-87.6297982
"Dubois Elem School",0.8,18,"GOLDEN GATE",8,NA,NA,7,41.653971,-87.6142327
"Dulles Elem School",0.7,17,"PRAIRIE WOLF",17,NA,NA,9,41.7799361,-87.616755
"Dunbar Vocational Career Acad HS",0.4,8,"DUNBAR (PAUL LAURENCE)",1,380.3,369.3,2,41.8400895,-87.6178683
"Dunne Technology Acad Elem Sch",0.6,14,"FERNWOOD",40,NA,NA,15,41.6962804,-87.6396904
"Durkin Park Elem School",0.1,2,"DURKIN (MARTIN)",99,NA,NA,57,41.7390682,-87.7294207
"Dvorak Technology Acad Elem Sch",0.2,4,"PRITZKER",14,NA,NA,11,41.8781136,-87.6297982
"Earhart Elem Opt for Knowl School",0.2,4,"PRITZKER",69,NA,NA,26,41.8781136,-87.6297982
"Earle Elem School",0.2,4,"PRITZKER",12,NA,NA,10,41.8781136,-87.6297982
"Eberhart Elem School",0.8,17,"MARQUETTE (JACQUES)",73,NA,NA,79,41.774628,-87.7083351
"Ebinger Elem School",0.3,8,"EDISON (THOMAS ALVA)",283,NA,NA,118,42.0046648,-87.810844
"Edgebrook Elem School",0.4,9,"GREEN (JEFFREY)",188,NA,NA,60,41.9997272,-87.7607268
"Edison Elem Regional Gifted Cntr",0.3,7,"KIWANIS",158,NA,NA,53,41.9711538,-87.7095999
"Edison Park Elem School",0.5,11,"OLYMPIA",109,NA,NA,35,41.9938986,-87.8141516
"Edwards Elem School",0.4,9,"CURIE (MARIE)",87,NA,NA,109,41.8053759,-87.7255365
"Ellington Elem School",0.3,7,"AUSTIN TOWN HALL",25,NA,NA,13,41.8853859,-87.7662187
"Englewood STEM High School",0.4,9,"HARRIS (RYAN) MEMORIAL",2,395.6,373.5,1,41.7699904,-87.6343735
"EPIC Academy High School",1.0,22,"ECKERSALL (WALTER HERBERT)",1,404.7,388.6,3,41.7448288,-87.549707
"Ericson Elem Scholastic Academy",0.4,10,"GLADYS (GUNDERSON)",37,NA,NA,19,41.8758977,-87.7162566
"Erie Elem Charter School",0.3,8,"PARK NO. 399",37,NA,NA,10,41.906863,-87.6943513
"Esmond Elem School",0.3,7,"BOHN (HENRY)",22,NA,NA,16,41.6893002,-87.6693387
"Everett Elem School",0.2,4,"HOYNE (THOMAS)",24,NA,NA,9,41.8317383,-87.6810822
"Evergreen Academy Elem School",0.4,8,"KUCINSKI-MURPHY (VICKI, ROSEBETH)",52,NA,NA,30,41.8289489,-87.6675912
"Evers Elem School",0.1,3,"EUCLID",22,NA,NA,15,41.715645,-87.6390573
"Fairfield Elem Academy",0.5,12,"PARK NO. 585",24,NA,NA,22,41.7806662,-87.691624
"Falconer Elem School",0.2,4,"PRITZKER",102,NA,NA,43,41.8781136,-87.6297982
"Faraday Elem School",0.5,12,"PARK NO. 422",13,NA,NA,6,41.8797839,-87.7082747
"Farnsworth Elem School",0.5,12,"GLADSTONE (WILLIAM)",110,NA,NA,54,41.9797454,-87.7662909
"Farragut Career Academy HS",0.3,6,"LIMAS (JULIANN HOPE)",5,404.2,391.8,19,41.8493963,-87.7084021
"Fenger Academy High School",0.7,15,"PARK NO. 589",0,392.9,385.6,4,41.6897069,-87.63784
"Fernwood Elem School",0.5,12,"FERNWOOD",39,NA,NA,9,41.7110985,-87.6401271
"Field Elem School",0.2,4,"PRITZKER",23,NA,NA,23,41.8781136,-87.6297982
"Finkl Elem School",0.5,12,"BARAGA (FREDERICK)",23,NA,NA,18,41.8495571,-87.6869531
"Fiske Elem School",0.4,10,"HARRIS (HARRIET)",16,NA,NA,18,41.7852002,-87.6089953
"Foreman High School",0.4,9,"PARK NO. 552",7,386.6,385.7,12,41.9396692,-87.7530504
"Fort Dearborn Elem School",0.2,4,"BRAINERD",36,NA,NA,13,41.7298949,-87.6550925
"Foster Park Elem School",0.3,6,"O'HALLAREN (BERNARD)",28,NA,NA,8,41.7387891,-87.6684784
"Franklin Elem Fine Arts Center",0.7,14,"FIELD (EUGENE)",132,NA,NA,51,41.9812253,-87.719237
"Frazier Perspectives Magnet ES",0.2,4,"PRITZKER",22,NA,NA,16,41.8781136,-87.6297982
"Fuller Elem School",0.2,4,"SUMAC",41,NA,NA,18,41.81806,-87.6123366
"Fulton Elem School",0.2,4,"PRITZKER",29,NA,NA,20,41.8781136,-87.6297982
"Funston Elem School",0.3,6,"MONTICELLO",26,NA,NA,25,41.9175426,-87.7173127
"Gage Park High School",0.3,7,"GAGE (GEORGE)",2,397.4,369.4,15,41.7910556,-87.6894606
"Gale Elem Community Academy",0.1,3,"WASHINGTON (HAROLD) MEM.",12,NA,NA,8,42.0207515,-87.6712414
"Galileo Elem Math & Sci Schol Acd",0.2,4,"PRITZKER",142,NA,NA,64,41.8781136,-87.6297982
"Gallistel Elem Language Academy",0.4,9,"KRAUSE (FRANCIS VERNON)",60,NA,NA,53,41.7069026,-87.534939
"Garcia Lorca Elem School",0.1,2,"PARK-VIEW",115,NA,NA,53,41.9400303,-87.7242929
"Garvey  M Elem School",0.2,4,"PRITZKER",17,NA,NA,12,41.8781136,-87.6297982
"Garvy  J Elem School",0.8,18,"SUMMERDALE",194,NA,NA,100,41.9762615,-87.7959299
"Gary Elem School",0.6,14,"MIAMI",159,NA,NA,71,41.8378797,-87.7187629
"Gillespie Elem School",0.6,15,"ABBOTT (ROBERT)",20,NA,NA,18,41.7251984,-87.6231392
"Goethe Elem School",0.3,6,"HAAS (JOSEPH)",112,NA,NA,44,41.9227455,-87.6931892
"Goode STEM Academy HS",0.1,2,"DOOLEY (THOMAS)",8,405.2,393.4,24,41.7539265,-87.7064547
"Goudy Technology Academy",0.2,6,"CARMEN",95,NA,NA,55,41.9759442,-87.6580331
"Graham  A Elem School",0.2,4,"PRITZKER",13,NA,NA,10,41.8781136,-87.6297982
"Gray Elem School",0.2,4,"PRITZKER",147,NA,NA,95,41.8781136,-87.6297982
"Great Lakes Academy Charter ES",0.6,13,"ECKERSALL (WALTER HERBERT)",114,NA,NA,43,41.7426078,-87.5597584
"Greeley Elem School",0.3,7,"KELLY (JOHN)",83,NA,NA,50,41.9529857,-87.6508832
"Green  W Elem School",0.4,10,"OAKDALE",62,NA,NA,26,41.719451,-87.6520544
"Greene N Elem School",0.4,10,"KUCINSKI-MURPHY (VICKI, ROSEBETH)",32,NA,NA,19,41.8297009,-87.6712912
"Gregory Math & Sci Elem Academy",0.2,4,"PRITZKER",37,NA,NA,8,41.8781136,-87.6297982
"Gresham Elem School",0.2,4,"PRITZKER",33,NA,NA,7,41.8781136,-87.6297982
"Grimes Elem School",0.5,11,"LAWLER (MICHAEL)",83,NA,NA,33,41.7756581,-87.7584153
"Grissom Elem School",0.6,12,"MANN (JAMES)",85,NA,NA,41,41.662353,-87.5535608
"Gunsaulus Elem Scholastic Academy",0.7,15,"KELLY (EDWARD)",75,NA,NA,74,41.8125253,-87.6998016
"Haines Elem School",0.2,4,"SUN YAT-SEN",201,NA,NA,94,41.8497616,-87.6338015
"Hale Elem School",0.1,3,"HALE (NATHAN)",186,NA,NA,110,41.7804544,-87.7769521
"Haley Elem Academy",0.7,15,"PARK NO. 589",42,NA,NA,21,41.6863606,-87.6333718
"Hamilton Elem School",0.2,6,"KLEIN (LOIS)",180,NA,NA,64,41.9454775,-87.6706494
"Hamline Elem School",0.3,6,"PACKINGTOWN",19,NA,NA,11,41.8073045,-87.6610101
"Hammond Elem School",0.6,13,"WASHTENAW",19,NA,NA,19,41.8525332,-87.6958882
"Hampton Elem Fine & Perf Arts Sch",0.4,8,"DVORAK (ANTON)",31,NA,NA,18,41.8561467,-87.658113
"Hancock College Preparatory HS",0.5,12,"LAWLER (MICHAEL)",126,542.1,536.5,184,41.7752067,-87.7579052
"Hanson Park Elem School",0.5,12,"CRAGIN",123,NA,NA,96,41.923335,-87.7620161
"Harlan Community Academy HS",0.1,3,"ABBOTT (ROBERT)",2,375.1,363.1,2,41.7183438,-87.6209035
"Harriet Tubman Elem School",0.3,8,"NOETHLING (GRACE)",82,NA,NA,40,41.934001,-87.6557224
"Harvard Elem School",0.3,8,"MEMORIAL",17,NA,NA,14,41.7575256,-87.6323302
"Haugan Elem School",0.3,6,"JENSEN (CHRIST)",83,NA,NA,41,41.9637412,-87.7235067
"Hawthorne Elem Scholastic Academy",0.2,4,"PRITZKER",339,NA,NA,114,41.8781136,-87.6297982
"Hay Elem Community Academy",0.5,12,"SWEET CLOVER",20,NA,NA,19,41.8994682,-87.7561493
"Hayt Elem School",0.4,8,"SENN (NICHOLAS)",150,NA,NA,80,41.9946092,-87.668722
"Healy Elem School",0.2,5,"HUMBERT (JAMES)",481,NA,NA,230,41.8394087,-87.6407608
"Hearst Elem School",0.5,12,"VITTUM (HARRIET ELIZABETH)",15,NA,NA,16,41.808523,-87.746148
"Hedges Elem School",0.2,4,"PRITZKER",22,NA,NA,23,41.8781136,-87.6297982
"Hefferan Elem School",0.4,9,"CLARK (JOHN)",24,NA,NA,13,41.8785148,-87.7359243
"Henderson Elem School",0.2,4,"PRITZKER",8,NA,NA,4,41.8781136,-87.6297982
"Hendricks Elem Community Academy",0.2,4,"PRITZKER",22,NA,NA,8,41.8781136,-87.6297982
"Henry Elem School",0.2,4,"PRITZKER",44,NA,NA,33,41.8781136,-87.6297982
"Hernandez Middle School",0.2,4,"SENKA (EDWARD ""DUKE"")",91,NA,NA,119,41.7938089,-87.7116427
"Herzl Elem School",0.2,5,"HORNBEAM",11,NA,NA,5,41.8616042,-87.7184243
"Hibbard Elem School",0.4,8,"KIWANIS",71,NA,NA,45,41.970878,-87.7103822
"Higgins Elem Community Academy",0.1,3,"MORGAN (THOMAS LEEDS) FIELD",24,NA,NA,14,41.6808757,-87.6473995
"Hirsch Metropolitan High School",0.1,3,"GRAND CROSSING",0,384.5,361.6,2,41.7538333,-87.6018158
"Hitch Elem School",0.6,13,"GLADSTONE (WILLIAM)",129,NA,NA,65,41.984102,-87.778823
"Holden Elem School",0.2,4,"BOSLEY (WILLIAM)",75,NA,NA,39,41.8381049,-87.6541439
"Holmes Elem School",0.2,5,"LUNA",5,NA,NA,4,41.7933351,-87.6496207
"Hope Learning Academy",0.2,5,"UNION",8,NA,NA,6,41.8838037,-87.6681306
"Horizon Sci Academy - Southwest Charter",0.3,8,"GAGE (GEORGE)",100,453.9,410.8,50,41.7954406,-87.6822357
"Horizon Science Acad-Belmont Charter Sch",0.8,17,"RIIS (JACOB)",114,NA,NA,43,41.9255829,-87.7699402
"Horizon Science Acad-McKinley Park Charter Sch",0.3,7,"MCKINLEY (WILLIAM)",181,505.5,491.4,70,41.8228865,-87.6820657
"Howe Elem School",0.2,4,"PRITZKER",15,NA,NA,7,41.8781136,-87.6297982
"Hoyne Elem School",0.2,4,"PRITZKER",31,NA,NA,16,41.8781136,-87.6297982
"Hubbard High School",1.0,23,"WEST LAWN",45,437.6,413.5,117,41.7801987,-87.718647
"Hughes  C Elem School",0.2,4,"PRITZKER",2,NA,NA,2,41.8781136,-87.6297982
"Hughes L Elem School",0.2,4,"PRITZKER",16,NA,NA,10,41.8781136,-87.6297982
"Hurley Elem School",0.9,21,"WEST LAWN",154,NA,NA,90,41.7664033,-87.7191981
"Hyde Park Academy High School",0.5,11,"BEEHIVE",3,403.3,379.2,10,41.782193,-87.5870649
"IHSCA Charter High School",0.3,8,"BARAGA (FREDERICK)",5,410,387.8,25,41.845757,-87.6858588
"IJLA Charter High School",0.2,5,"BARAGA (FREDERICK)",0,376.4,361.6,NA,41.8456309,-87.6842073
"Infinity Math  Science & Tech HS",0.3,7,"PIOTROWSKI (LILLIAN)",17,456.3,451.2,47,41.8354286,-87.7356529
"Inter-American Elem Magnet School",0.4,9,"GILL (JOSEPH)",128,NA,NA,64,41.9485542,-87.6517124
"Intrinsic 2 Charter High School",0.2,4,"PRITZKER",32,449.7,424.7,42,41.8781136,-87.6297982
"Intrinsic Charter High School",0.2,4,"PRITZKER",59,449.4,441.2,109,41.8781136,-87.6297982
"Irving Elem School",0.2,4,"CLAREMONT",22,NA,NA,13,41.8717744,-87.6829987
"Jackson M Elem School",0.2,4,"PRITZKER",24,NA,NA,8,41.8781136,-87.6297982
"Jahn Elem School",0.3,6,"WIEBOLDT (WILLIAM)",43,NA,NA,19,41.9391624,-87.6753879
"James R Doolittle Academy",0.2,4,"PRITZKER",4,NA,NA,7,41.8781136,-87.6297982
"Jamieson Elem School",0.4,10,"MATHER (STEPHEN TYNG)",218,NA,NA,106,41.9844136,-87.7009659
"Jensen Elem Scholastic Academy",0.2,4,"PRITZKER",28,NA,NA,28,41.8781136,-87.6297982
"Johnson Elem School",0.2,4,"PRITZKER",4,NA,NA,2,41.8781136,-87.6297982
"Jones College Prep High School",0.2,4,"DEARBORN (HENRY)",444,636.3,635.9,195,41.8729672,-87.6279213
"Joplin Elem School",0.5,10,"DAWES (CHARLES)",37,NA,NA,19,41.7494877,-87.6691404
"Jordan Elem Community School",0.2,4,"POTTAWATTOMIE",22,NA,NA,18,42.0170855,-87.678031
"Juarez Community Academy HS",0.6,14,"DVORAK (ANTON)",18,433.7,404.5,49,41.8527939,-87.6643651
"Julian High School",0.5,11,"GRAVER (PHILIP)",1,385.4,368.7,11,41.7060512,-87.6543566
"Jungman Elem School",0.4,9,"DVORAK (ANTON)",65,NA,NA,28,41.8585624,-87.6525236
"Kanoon Elem Magnet School",0.4,10,"HOMAN (JOSEPH)",32,NA,NA,33,41.8506371,-87.7049642
"Keller Elem Gifted Magnet School",0.4,9,"MCKIERNAN (DAVID)",155,NA,NA,54,41.6975026,-87.6968881
"Kellman Corporate Community Elem",0.3,7,"BARBERRY",5,NA,NA,3,41.8703041,-87.7022715
"Kellogg Elem School",0.6,13,"COSME (MARGARET)",106,NA,NA,38,41.7252518,-87.6768302
"Kelvyn Park High School",0.2,6,"KELVYN (WILLIAM)",8,401.7,380.2,26,41.9272439,-87.7359639
"Kennedy High School",0.3,6,"WENTWORTH (JOHN)",46,443.4,429.3,73,41.7902356,-87.7802853
"Kenwood Academy High School",0.4,9,"WASHINGTON (HAROLD)",366,498.2,474.6,328,41.8033307,-87.5894153
"Kershaw Elem School",0.4,10,"JUNCTION GROVE",30,NA,NA,9,41.7765331,-87.6410012
"Kilmer Elem School",0.4,9,"LAZARUS (EMMA)",92,NA,NA,59,42.0043286,-87.6686692
"King Academy of Social Justice",0.3,6,"LILY GARDENS",13,NA,NA,5,41.7654836,-87.6413318
"King College Prep High School",0.4,8,"CHAMBERLAIN TRIANGLE",22,481.6,460.6,10,41.8138852,-87.6029812
"Kinzie Elem School",0.4,8,"WENTWORTH (JOHN)",270,NA,NA,91,41.7902633,-87.7790099
"Kipling Elem School",0.2,4,"PRITZKER",24,NA,NA,24,41.8781136,-87.6297982
"KIPP Academy Chicago Campus",0.2,4,"OHIO",59,NA,NA,23,41.8916497,-87.746787
"KIPP Chicago Charter School - KIPP One Academy",0.2,4,"ORR (REZIN)",134,NA,NA,98,41.8946241,-87.7265112
"KIPP Chicago Charters - Ascend Academy",0.2,5,"REYES (GUADALUPE)",58,NA,NA,55,41.8550503,-87.6464351
"KIPP Chicago Charters - Bloom Campus",0.2,5,"REYES (GUADALUPE)",91,NA,NA,40,41.8550503,-87.6464351
"Lake View High School",0.4,8,"WARNER GARDEN",37,439.7,432,59,41.9552954,-87.668809
"Lane Technical High School",0.3,6,"CLARK (RICHARD)",962,627.1,626.9,686,41.945166,-87.6906541
"Langford A Elem School",0.2,4,"PRITZKER",11,NA,NA,6,41.8781136,-87.6297982
"Lara Elem Academy",0.2,4,"PRITZKER",30,NA,NA,24,41.8781136,-87.6297982
"LaSalle Elem Language Academy",0.3,7,"EUGENIE TRIANGLE",147,NA,NA,55,41.9139613,-87.6376873
"LaSalle II Lang Acad Elem Sch",0.3,8,"PALMER (BERTHA HONORÃ‰)",182,NA,NA,94,41.9028261,-87.6738377
"Lavizzo Elem School",0.3,7,"PARK NO. 589",17,NA,NA,18,41.6964876,-87.6270447
"Lawndale Elem Community Academy",0.2,5,"GINKGO",8,NA,NA,1,41.863198,-87.7133175
"LEARN Charter Excel Campus",0.2,5,"CLAREMONT",67,NA,NA,17,41.8747369,-87.6865708
"LEARN Chtr -  Hunter Perkins Campus",0.2,4,"PRITZKER",103,NA,NA,35,41.8781136,-87.6297982
"LEARN Chtr - 7th Campus",0.2,4,"PRITZKER",14,NA,NA,6,41.8781136,-87.6297982
"LEARN Chtr - Butler",0.2,4,"PRITZKER",59,NA,NA,31,41.8781136,-87.6297982
"LEARN Chtr - Middle School",0.2,4,"PRITZKER",60,NA,NA,24,41.8781136,-87.6297982
"LEARN Chtr - South Chicago Campus",0.5,12,"RUSSELL (MARTIN) SQUARE",49,NA,NA,28,41.7396861,-87.5544182
"LEARN Chtr-Campbell Campus",0.2,4,"PRITZKER",45,NA,NA,11,41.8781136,-87.6297982
"Lee Elem School",0.2,3,"WEST LAWN",93,NA,NA,50,41.7752558,-87.7293039
"Legacy Elem Charter School",0.2,4,"PRITZKER",53,NA,NA,23,41.8781136,-87.6297982
"Legal Prep Academy Charter HS",0.2,4,"PRITZKER",1,397,376.5,3,41.8781136,-87.6297982
"Leland Elem School",0.6,13,"MOORE (MAURICE)",4,NA,NA,9,41.8735501,-87.749805
"Lenart Elem Regional Gifted Ctr",0.3,7,"WEST CHATHAM",135,NA,NA,44,41.7467858,-87.6277516
"Lewis Elem School",0.2,5,"LA FOLLETTE (ROBERT)",28,NA,NA,15,41.9067369,-87.7536335
"Libby Elem School",0.2,4,"SHERMAN (JOHN)",30,NA,NA,17,41.7965416,-87.6600462
"Lincoln Elem School",0.3,6,"OZ",413,NA,NA,155,41.9243643,-87.6445385
"Lincoln Park High School",0.2,5,"OZ",235,537.7,534.2,166,41.9184082,-87.6458448
"Lindblom Math & Science Acad HS",0.3,6,"LINDBLOM (ROBERT)",201,531.9,509.6,175,41.7820798,-87.6718901
"Linne Elem School",0.2,4,"BRANDS",104,NA,NA,53,41.9402685,-87.7024195
"Little Village Elem School",0.5,11,"SHEDD (JOHN G.)",71,NA,NA,61,41.8430121,-87.7175039
"Lloyd Elem School",0.5,11,"BLACKHAWK",57,NA,NA,33,41.9190964,-87.7473455
"Locke  J Elem School",0.3,6,"BELL (GEORGE,JR.)",144,NA,NA,92,41.9316578,-87.7959299
"Locke A Elem Charter Academy",0.2,5,"HORAN (ALBERT)",83,NA,NA,21,41.8771349,-87.7051076
"Lovett Elem School",0.3,6,"AMUNDSEN (ROALD)",42,NA,NA,15,41.9124905,-87.7842298
"Lowell Elem School",0.2,4,"PRITZKER",30,NA,NA,17,41.8781136,-87.6297982
"Lozano Elem Bilingual & Intl Ctr",0.2,4,"PARK NO. 536",9,NA,NA,9,41.9078093,-87.6645798
"Lyon Elem School",0.2,4,"PRITZKER",173,NA,NA,124,41.8781136,-87.6297982
"Madero Middle School",0.3,8,"MIAMI",38,NA,NA,24,41.8415345,-87.7053182
"Madison Elem School",0.2,4,"PRITZKER",21,NA,NA,10,41.8781136,-87.6297982
"Manierre Elem School",0.3,8,"PARK NO. 598",6,NA,NA,2,41.9079248,-87.6401181
"Manley Career Academy High School",0.2,5,"BARBERRY",1,376.7,364.4,1,41.8708755,-87.6998468
"Mann Elem School",0.2,4,"PRITZKER",45,NA,NA,28,41.8781136,-87.6297982
"Marine Leadership Academy - Ames",0.3,7,"MOZART (AMADEUS)",39,451.3,416.5,49,41.9162887,-87.722443
"Marquette Elem School",0.4,10,"MONTGOMERY (MABEL)",73,NA,NA,35,41.7740243,-87.697246
"Marsh Elem School",0.2,5,"VETERANS' MEMORIAL",82,NA,NA,53,41.7164106,-87.5531052
"Marshall Metropolitan High School",0.4,8,"PARK NO. 422",1,375.1,364.1,0,41.8790699,-87.706562
"Mason Elem School",0.2,4,"PRITZKER",18,NA,NA,5,41.8781136,-87.6297982
"Mather High School",0.4,10,"GREEN BRIAR",58,446.4,440.1,98,41.9880646,-87.701245
"Mayer Elem School",0.2,3,"TREBES",260,NA,NA,90,41.9232391,-87.6580394
"Mays Elem Academy",0.5,11,"HARRIS (RYAN) MEMORIAL",6,NA,NA,8,41.7727249,-87.6464239
"McAuliffe Elem School",0.2,5,"BEILFUSS (ALBERT W.)",46,NA,NA,34,41.914727,-87.7236413
"McCormick Elem School",0.3,7,"MIAMI",16,NA,NA,25,41.8420191,-87.7065838
"McCutcheon Elem School",0.2,4,"PRITZKER",39,NA,NA,12,41.8781136,-87.6297982
"McDade Elem Classical School",0.5,11,"COLE (NAT KING)",97,NA,NA,32,41.7343416,-87.6186754
"McDowell Elem School",0.2,4,"PRITZKER",28,NA,NA,4,41.8781136,-87.6297982
"McKay Elem School",0.2,4,"PRITZKER",43,NA,NA,19,41.8781136,-87.6297982
"McNair Elem School",0.2,4,"PRITZKER",20,NA,NA,14,41.8781136,-87.6297982
"McPherson Elem School",0.2,4,"PRITZKER",82,NA,NA,36,41.8781136,-87.6297982
"Melody Elem School",0.2,4,"PRITZKER",12,NA,NA,4,41.8781136,-87.6297982
"Metcalfe Elem Community Academy",0.3,6,"WEST PULLMAN",14,NA,NA,7,41.6695189,-87.6342049
"Minnie Minoso Academy",0.1,3,"MCKEON (JOSEPH)",63,NA,NA,18,41.8303859,-87.6409625
"Mireles Elem Academy",0.2,4,"PRITZKER",39,NA,NA,28,41.8781136,-87.6297982
"Mitchell Elem School",0.4,10,"SMITH (JOSEPH HIGGINS)",120,NA,NA,54,41.8919313,-87.6834719
"Mollison Elem School",0.2,5,"BIRCH",6,NA,NA,16,41.8143614,-87.615933
"Monarcas Academy",0.5,12,"SENKA (EDWARD ""DUKE"")",89,NA,NA,51,41.787441,-87.70774
"Monroe Elem School",0.4,9,"KOSCIUSZKO (THADEUZ)",75,NA,NA,53,41.9295238,-87.7190828
"Montessori of Englewood Chtr ES",0.5,12,"HARRIS (RYAN) MEMORIAL",22,NA,NA,14,41.775305,-87.6416419
"Moos Elem School",0.3,7,"FLOWER (LUCY)",36,NA,NA,22,41.9130714,-87.696335
"Morgan Park High School",0.4,10,"BOHN (HENRY)",29,414.9,393.3,27,41.6922322,-87.6653314
"Morrill Elem Math & Sci School",0.2,4,"PRITZKER",41,NA,NA,35,41.8781136,-87.6297982
"Morton Elem Career Academy",0.2,4,"PRITZKER",26,NA,NA,4,41.8781136,-87.6297982
"Mosaic School of Fine Arts",0.4,10,"CHIPPEWA",121,NA,NA,61,42.004099,-87.6979775
"Mount Greenwood Elem School",0.6,13,"MCKIERNAN (DAVID)",347,NA,NA,208,41.6915904,-87.7008049
"Mount Vernon Elem School",0.2,5,"ROBINSON (JACKIE)",24,NA,NA,4,41.7022519,-87.648286
"Moving Everest Charter School",0.2,5,"KINZIE (JOHN) PKWY.",75,NA,NA,35,41.8883984,-87.755732
"Mozart Elem School",0.3,7,"MOZART (AMADEUS)",44,NA,NA,27,41.9213348,-87.7224165
"Multicultural Arts High School",0.2,4,"PRITZKER",3,424.3,395.9,11,41.8781136,-87.6297982
"Murphy Elem School",0.3,6,"ATHLETIC FIELD",83,NA,NA,49,41.9497364,-87.7170874
"Murray Elem Language Academy",0.1,3,"NICHOLS (JOHN FOUNTAIN)",95,NA,NA,39,41.7982087,-87.5925169
"Namaste Elem Charter School",0.2,4,"PRITZKER",21,NA,NA,21,41.8781136,-87.6297982
"Nash Elem School",0.2,4,"OHIO",5,NA,NA,3,41.8920473,-87.7474209
"National Teachers Elem Academy",0.2,4,"PRITZKER",154,NA,NA,69,41.8781136,-87.6297982
"Neil Elem School",0.4,9,"COLE (NAT KING)",24,NA,NA,12,41.7386314,-87.6205909
"Nettelhorst Elem School",0.2,5,"EVERGREEN",182,NA,NA,76,41.9415615,-87.644596
"New Field Elem School",0.4,10,"MATANKY (EUGENE)",26,NA,NA,NA,42.0076293,-87.6724472
"Newberry Elem Math & Science Acad",0.2,4,"PRITZKER",75,NA,NA,37,41.8781136,-87.6297982
"Nicholson Technology Acad Elem Sch",0.2,4,"PRITZKER",22,NA,NA,10,41.8781136,-87.6297982
"Nightingale Elem School",0.6,14,"GAGE (GEORGE)",115,NA,NA,62,41.798873,-87.6898929
"Ninos Heroes Elem Academic Ctr",0.3,6,"RUSSELL (MARTIN) SQUARE",19,NA,NA,17,41.7441729,-87.553054
"Nixon Elem School",0.5,10,"MOZART (AMADEUS)",31,NA,NA,19,41.9191324,-87.7312732
"Nobel Elem School",0.4,9,"PARK NO. 414",75,NA,NA,45,41.9057726,-87.7297953
"Noble St Chtr - Mansueto",0.4,8,"ECKHART (BERNARD)",37,461,440.1,78,41.899793,-87.6625001
"Noble St Chtr Rauner College Prep",0.2,5,"BICKERDIKE (GEORGE) SQUARE",14,444.8,431.6,39,41.8922624,-87.661187
"Noble St Chtr-Baker Campus",0.4,8,"ECKHART (BERNARD)",4,432.7,399.8,4,41.899793,-87.6625001
"Noble St Chtr-Butler College Prep - Crimson",0.2,4,"PARK NO. 588",8,416.6,399.4,18,41.7060894,-87.6028575
"Noble St Chtr-Chicago Bulls Prep",0.5,12,"PARK NO. 578",24,435.7,425.6,30,41.8789084,-87.6781797
"Noble St Chtr-Comer College Prep",0.4,8,"ECKHART (BERNARD)",77,403.8,395.4,52,41.899793,-87.6625001
"Noble St Chtr-DRW Trading College Prep",0.2,4,"PRITZKER",4,428.3,406.8,16,41.8781136,-87.6297982
"Noble St Chtr-Golder College Prep",0.3,6,"ECKHART (BERNARD)",18,439.9,404.9,19,41.8954949,-87.6644366
"Noble St Chtr-Hansberry College Prep - Silver",0.6,13,"THE GROVE",4,412.7,396.9,10,41.7343941,-87.6510999
"Noble St Chtr-ITW Speer Acad",0.8,17,"BLACKHAWK",34,456,433.2,69,41.9174184,-87.759616
"Noble St Chtr-Johnson College Prep",0.1,3,"JUNCTION GROVE",5,410.8,396.2,5,41.778394,-87.635484
"Noble St Chtr-Muchin College Prep",0.4,10,"PRITZKER",34,449.5,434.6,65,41.8823418,-87.6273168
"Noble St Chtr-Noble Campus",0.4,8,"ECKHART (BERNARD)",26,456.5,449.1,41,41.899793,-87.6625001
"Noble St Chtr-Pritzker College Prep",0.3,7,"KEYSTONE",40,461.4,437.3,66,41.9149225,-87.7297441
"Noble St Chtr-Rowe-Clark MS Acad",0.2,4,"CENTRAL",0,402.1,382.4,2,41.8952478,-87.7182733
"Noble St Chtr-The Noble Academy",0.2,3,"PARK NO. 598",16,446.7,408.2,14,41.9074558,-87.6454041
"Noble St Chtr-UIC College Prep",0.7,16,"LIVINGSTON FIELD",30,444,426.9,63,41.8656136,-87.6760518
"North Lawndale Prep Chtr - Christiana",0.1,3,"CHRISTIANA",1,397.6,387.6,2,41.8584921,-87.7088287
"North Lawndale Prep Chtr-Collins",0.1,3,"CHRISTIANA",0,391.6,386.1,2,41.8584921,-87.7088287
"North River Elem School",0.1,3,"JENSEN (CHRIST)",30,NA,NA,17,41.9662854,-87.7218021
"North-Grand High School",0.1,3,"GREENEBAUM (HENRY)",9,416.6,406.7,45,41.9124219,-87.7349604
"Northside College Preparatory Hs",0.5,11,"LEGION",233,652.5,649.9,225,41.9813057,-87.7078996
"Northwest Middle School",0.5,11,"BLACKHAWK",33,NA,NA,27,41.9207688,-87.7579486
"Norwood Park Elem School",0.2,5,"NORWOOD CIRCLE",120,NA,NA,38,41.9892467,-87.8026788
"Ogden Elem School",0.2,5,"CONNORS (WILLIAM)",109,NA,NA,77,41.9002367,-87.6290717
"Ogden Int High School",0.4,8,"ECKHART (BERNARD)",32,482.9,463.9,27,41.8937679,-87.658807
"Oglesby Elem School",0.4,10,"LELAND GIANTS",16,NA,NA,11,41.7548071,-87.6460264
"OKeeffe Elem School",0.2,4,"PRITZKER",42,NA,NA,17,41.8781136,-87.6297982
"Onahan Elem School",0.4,9,"CENTENNIAL",177,NA,NA,102,41.9940608,-87.792853
"Oriole Park Elem School",0.2,5,"ORIOLE",223,NA,NA,79,41.97848,-87.812414
"Orozco Elem Fine Arts & Sciences",0.4,8,"HARRISON (CARTER)",83,NA,NA,39,41.8578369,-87.6750892
"Orr Academy High School",0.1,3,"ORR (REZIN)",4,403.7,373,3,41.893927,-87.726435
"Ortiz De Dominguez Elem School",0.5,10,"MIAMI",NA,NA,NA,NA,41.8383226,-87.7173837
"Otis Elem School",0.6,13,"ECKHART (BERNARD)",31,NA,NA,10,41.8916477,-87.665066
"OToole Elem School",0.3,6,"WOLCOTT (ALEXANDER)",17,NA,NA,14,41.7741847,-87.6753338
"Owen Elem Scholastic Academy",0.2,4,"PRITZKER",32,NA,NA,21,41.8781136,-87.6297982
"Owens Community Academy ES",0.2,4,"PRITZKER",36,NA,NA,11,41.8781136,-87.6297982
"Palmer Elem School",0.3,7,"NORTH MAYFAIR",151,NA,NA,65,41.9729604,-87.7386366
"Park Manor Elem School",0.4,9,"MEYERING (WILLIAM)",20,NA,NA,14,41.7664822,-87.6114758
"Parker Elem Community Academy",0.6,12,"HARRIS (RYAN) MEMORIAL",28,NA,NA,10,41.770906,-87.632691
"Parkside Elem Community Academy",0.3,7,"NASH (DON) COMM. CTR.",25,NA,NA,7,41.7669787,-87.583381
"Pasteur Elem School",0.2,4,"PRITZKER",64,NA,NA,NA,41.8781136,-87.6297982
"Payton College Preparatory HS",0.2,5,"SEWARD (WILLIAM)",257,665.3,667.2,255,41.9016989,-87.6350785
"Peck Elem School",0.6,15,"PASTEUR (LOUIS)",49,NA,NA,NA,41.7881027,-87.7197213
"Peirce Elem Intl Studies School",0.2,5,"COCHRAN (JOHN)",189,NA,NA,86,41.9831729,-87.6663791
"Penn Elem School",0.3,6,"NINEBARK",10,NA,NA,23,41.8583525,-87.7218487
"Perez Elem School",0.2,3,"THROOP (AMOS GAGER)",44,NA,NA,34,41.8556781,-87.6579588
"Pershing Elem Humanities Magnet",0.2,4,"PRITZKER",57,NA,NA,31,41.8781136,-87.6297982
"Perspectives Chtr -  IIT Campus",0.5,10,"ARMOUR (PHILIP) SQUARE",4,393.3,366.1,9,41.8348731,-87.6270059
"Perspectives Chtr - High School of Technology",0.2,4,"PRITZKER",2,396.3,381.2,2,41.8781136,-87.6297982
"Perspectives Chtr - Joslin Campus",0.2,5,"LIN (MARGARET HIE DING)",8,402.2,374.2,14,41.8561782,-87.6284637
"Perspectives Chtr - Leadership Acad",0.2,4,"PRITZKER",29,405.6,386.5,19,41.8781136,-87.6297982
"Peterson Elem School",0.7,16,"KIWANIS",171,NA,NA,107,41.9817786,-87.7129092
"Phillips Academy High School",0.2,5,"ANDERSON (LOUIS)",1,380.9,372.7,10,41.8240527,-87.6198054
"Phoenix Military Academy HS",0.1,3,"PARK NO. 574",13,458.1,447.6,30,41.8786771,-87.6882694
"Piccolo Elem Specialty School",0.3,8,"PARK NO. 414",15,NA,NA,27,41.9002223,-87.7318077
"Pickard Elem School",0.4,9,"BARRETT (JOHN)",68,NA,NA,25,41.8528427,-87.684009
"Pilsen Elem Community Academy",0.3,7,"ADDAMS (JANE)",17,NA,NA,8,41.8590612,-87.6631477
"Pirie Elem Fine Arts & Academic C",0.2,5,"BROWN (SIDNEY) MEML.",7,NA,NA,6,41.7406945,-87.6082591
"Plamondon Elem School",0.2,4,"PRITZKER",13,NA,NA,8,41.8781136,-87.6297982
"Plato Learning Acad  Elem School",0.4,9,"COLUMBUS (CHRISTOPHER)",8,NA,NA,6,41.8725092,-87.7635954
"Poe Elem Classical School",0.2,5,"PARK NO. 588",111,NA,NA,32,41.702492,-87.6066076
"Polaris Elem Charter Academy",0.2,5,"SNAPPING TURTLE",24,NA,NA,17,41.8923248,-87.7081276
"Portage Park Elem School",0.2,5,"PORTAGE",110,NA,NA,79,41.9571504,-87.7611042
"Powell Elem Paideia Comm Academy",0.2,4,"PRITZKER",34,NA,NA,31,41.8781136,-87.6297982
"Prescott Elem School",0.2,5,"WRIGHTWOOD",186,NA,NA,58,41.929076,-87.6692398
"Prieto Math-Science Elem Sch",0.9,20,"BLACKHAWK",81,NA,NA,35,41.9211281,-87.7651593
"Pritzker Elem School",0.1,3,"WICKER (CHARLES, JOEL)",272,NA,NA,108,41.9068861,-87.6780938
"Prosser Career Academy HS",0.7,15,"BLACKHAWK",43,457.5,432.5,97,41.9194252,-87.7618878
"Providence-Englewood Elem Charter",0.4,10,"WOLCOTT (ALEXANDER)",28,NA,NA,36,41.7752003,-87.6637159
"Prussing Elem School",0.7,16,"JEFFERSON (THOMAS) MEML.",120,NA,NA,64,41.9656465,-87.7727431
"Pulaski Intl Sch of Chicago",0.3,6,"HOLSTEIN",238,NA,NA,92,41.9188445,-87.683846
"Pullman Elem School",0.2,6,"PARK NO. 573",19,NA,NA,12,41.6886423,-87.608841
"Raby High School",0.2,5,"SAINT LOUIS",4,376.3,385.3,0,41.8861417,-87.7153641
"Randolph Elem School",0.2,4,"PRITZKER",34,NA,NA,18,41.8781136,-87.6297982
"Ravenswood Elem School",0.2,4,"ZATTERBERG (HELEN)",190,NA,NA,84,41.9611254,-87.671464
"Ray Elem School",0.1,3,"BIXLER (RAY)",60,NA,NA,33,41.7922303,-87.5943728
"Reavis Elem Math & Sci Spec Schl",0.5,11,"SYCAMORE",11,NA,NA,10,41.8043999,-87.6054312
"Reilly Elem School",0.2,4,"PRITZKER",59,NA,NA,47,41.8781136,-87.6297982
"Reinberg Elem School",0.4,8,"CHOPIN (FREDERIC)",86,NA,NA,60,41.9426843,-87.7685945
"Revere Elem School",0.2,4,"PRITZKER",2,NA,NA,0,41.8781136,-87.6297982
"Richards Career Academy HS",0.2,5,"PACKINGTOWN",0,362.2,359.1,1,41.8024879,-87.6614681
"Richardson Middle School",0.6,13,"PASTEUR (LOUIS)",203,NA,NA,181,41.7834851,-87.7257117
"Rickover Naval Academy High Schl",0.3,6,"SENN (NICHOLAS)",25,465.5,441.2,39,41.9890128,-87.6667743
"Robinson Elem School",0.2,4,"PRITZKER",7,NA,NA,NA,41.8781136,-87.6297982
"Rogers Elem School",0.2,5,"ROGERS (PHILLIP)",168,NA,NA,86,42.0153797,-87.69676
"Roosevelt High School",0.4,10,"JENSEN (CHRIST)",10,410.3,396,56,41.9657534,-87.714339
"Rowe Elementary",0.1,3,"PARK NO. 536",88,NA,NA,76,41.9078008,-87.664446
"Ruggles Elem School",0.2,4,"PRITZKER",29,NA,NA,12,41.8781136,-87.6297982
"Ruiz Elem School",0.5,12,"BARRETT (JOHN)",56,NA,NA,41,41.8479002,-87.6812235
"Ryder Elem Math & Sci Spec School",0.2,4,"PRITZKER",24,NA,NA,16,41.8781136,-87.6297982
"Sabin Elem Magnet School",0.4,9,"PARK NO. 399",19,NA,NA,9,41.9071146,-87.6828916
"Sadlowski Elementary School",0.3,6,"BENIAC (JOHN ""BEANS"") GREENWAY",48,NA,NA,39,41.7047607,-87.5280524
"Salazar Elem Bilingual Center",0.3,7,"SEWARD (WILLIAM)",29,NA,NA,33,41.9015236,-87.633916
"Sandoval Elem School",0.2,3,"SENKA (EDWARD ""DUKE"")",62,NA,NA,52,41.7929524,-87.7123286
"Saucedo Elem Scholastic Academy",0.4,9,"WASHTENAW",63,NA,NA,82,41.8482204,-87.697836
"Sauganash Elem School",0.6,14,"SAUGANASH TRAIL",222,NA,NA,99,41.9913476,-87.7463396
"Sawyer Elem School",0.7,15,"SENKA (EDWARD ""DUKE"")",94,NA,NA,83,41.7978855,-87.7057922
"Sayre Elem Language Academy",1.1,24,"RIIS (JACOB)",44,NA,NA,31,41.9204052,-87.7971565
"Scammon Elem School",0.5,12,"KILBOURN",122,NA,NA,67,41.9414978,-87.7325515
"Schmid Elem School",0.2,4,"PRITZKER",13,NA,NA,5,41.8781136,-87.6297982
"School of Social Justice HS",0.4,9,"PIOTROWSKI (LILLIAN)",2,405.5,392.7,3,41.8348999,-87.7356033
"Schubert Elem School",0.3,6,"CRAGIN",20,NA,NA,17,41.9300492,-87.7607268
"Schurz High School",0.4,8,"KILBOURN",26,421.3,401.2,93,41.9474441,-87.7352682
"Senn High School",0.3,6,"SENN (NICHOLAS)",83,467.2,445.2,117,41.9890128,-87.6667743
"Seward Elem Communication Arts Ac",0.3,6,"DAVIS (DR. NATHAN) SQUARE",47,NA,NA,31,41.8100434,-87.6689847
"Sheridan Elem Math & Science Acad",0.2,4,"PRITZKER",208,NA,NA,93,41.8781136,-87.6297982
"Sherman Elem School",0.2,4,"PRITZKER",3,NA,NA,2,41.8781136,-87.6297982
"Sherwood Elem School",0.2,4,"PRITZKER",7,NA,NA,8,41.8781136,-87.6297982
"Shields Elem School",0.4,8,"KELLY (EDWARD)",33,NA,NA,NA,41.8162824,-87.6900074
"Shields Middle School",0.3,5,"PARK NO. 596",58,NA,NA,86,41.8062819,-87.6899836
"Shoesmith Elem School",0.5,11,"ELM",35,NA,NA,14,41.8049276,-87.5941802
"Shoop Math-Sci Tech Elem Academy",0.4,9,"ADA (SAWYER GARRETT)",37,NA,NA,9,41.6905267,-87.6599868
"Simeon Career Academy High School",0.4,9,"WEST CHATHAM",8,411.2,389.8,23,41.7455617,-87.634833
"Skinner Elem School",0.2,4,"PRITZKER",381,NA,NA,130,41.8781136,-87.6297982
"Skinner North Elem Sch",0.4,9,"PARK NO. 598",299,NA,NA,101,41.9052914,-87.6448734
"Smith  W Elem School",0.1,3,"GATELY (JAMES)",18,NA,NA,10,41.7080209,-87.6054463
"Smyser Elem School",0.6,14,"DUNHAM (ROBERT)",141,NA,NA,84,41.9585485,-87.7828078
"Smyth  J Elem School",0.2,4,"PRITZKER",16,NA,NA,7,41.8781136,-87.6297982
"Solomon Elem School",0.7,17,"PETERSON (PEHR SAMUEL)",92,NA,NA,41,41.9940385,-87.7246737
"Solorio Academy High School",0.2,5,"SENKA (EDWARD ""DUKE"")",44,448.5,449.7,101,41.7949284,-87.7114938
"Sor Juana Ines de la Cruz",0.5,11,"POTTAWATTOMIE",114,NA,NA,44,42.0160949,-87.6845409
"South Loop Elem School",0.1,2,"JONES (MARY RICHARDSON)",240,NA,NA,128,41.8668162,-87.6287084
"South Shore Fine Arts Elem Sch",0.5,10,"ROSENBLUM (J. LESLIE)",24,NA,NA,10,41.7589929,-87.5700257
"South Shore Intl Col Prep HS",0.2,4,"ROSENBLUM (J. LESLIE)",18,461.8,438.5,31,41.7579736,-87.5767314
"Spencer Technology Acad Elem Sch",0.2,4,"COTTONWOOD",11,NA,NA,11,41.8850607,-87.750719
"Spry Community Links High School",0.5,11,"WASHTENAW",0,409.2,400,3,41.8476535,-87.6998179
"Spry Elem Community School",0.5,11,"WASHTENAW",22,NA,NA,9,41.8476225,-87.6998049
"Stagg Elem School",0.6,14,"KING (MARTIN LUTHER, JR.)",9,NA,NA,16,41.7591616,-87.6492836
"Steinmetz College Prep HS",0.7,16,"BELL (GEORGE,JR.)",14,405.5,395.1,48,41.935631,-87.784152
"STEM Magnet Academy Elem",0.3,7,"GARIBALDI (GIUSEPPI)",135,NA,NA,46,41.8687447,-87.6648622
"Stevenson Elem School",0.2,4,"PRITZKER",196,NA,NA,105,41.8781136,-87.6297982
"Stone Elem Scholastic Academy",0.3,7,"KORCZAK (JANUSZ)",199,NA,NA,84,41.9954386,-87.68439
"Stowe Elem School",0.2,4,"SIMONS (ALMIRA)",13,NA,NA,26,41.91265,-87.7131022
"Suder Montessori Elem Magnet Schl",0.2,4,"PARK NO. 578",32,NA,NA,16,41.8833478,-87.6776629
"Sullivan Elem School",0.5,10,"RUSSELL (MARTIN) SQUARE",39,NA,NA,28,41.7440209,-87.5425987
"Sullivan High School",0.3,7,"SCHREIBER",11,417.5,410.2,22,42.0028084,-87.6689166
"Sumner Elem Math & Sci Comm Acad",0.4,8,"VIOLET",40,NA,NA,13,41.8719611,-87.7325497
"Sutherland Elem School",0.4,8,"HURLEY (TIMOTHY)",131,NA,NA,67,41.711022,-87.676308
"Swift Elem Specialty School",0.2,4,"BROADWAY ARMORY",72,NA,NA,49,41.9889983,-87.6585908
"Taft High School",0.3,6,"NORWOOD",403,480.6,461.7,152,41.984587,-87.7916778
"Talcott Elem School",0.2,4,"SNOWBERRY",78,NA,NA,33,41.8925502,-87.6734985
"Talman Elem School",0.3,7,"GAGE (GEORGE)",62,NA,NA,21,41.7943795,-87.6903082
"Tanner Elem School",0.2,4,"RAILROAD JUNCTION",17,NA,NA,12,41.7606669,-87.6069052
"Tarkington Elem School",0.4,10,"MARQUETTE (JACQUES)",124,NA,NA,52,41.7645444,-87.7063329
"Taylor Elem School",0.2,4,"PRITZKER",40,NA,NA,19,41.8781136,-87.6297982
"Telpochcalli Elem School",0.5,10,"WASHTENAW",15,NA,NA,14,41.8490494,-87.6977983
"Thomas Kelly College Preparatory",0.2,4,"KELLY (EDWARD)",43,425.9,415.1,90,41.8183203,-87.6948589
"Thorp  J N Elem School",0.2,6,"SCHAFER (CLARA D.)",17,NA,NA,3,41.7329134,-87.5449202
"Thorp  O A Elem Scholastic Acad",0.7,15,"MERRIMAC",297,NA,NA,105,41.9488905,-87.7777168
"Tilden Career Communty Academy HS",0.6,13,"MCINERNEY (THOMAS)",3,409.8,392.1,5,41.8075276,-87.6423527
"Till Elem Math & Science Academy",0.1,3,"TOUHY (PATRICK)",13,NA,NA,8,42.0134326,-87.6751504
"Tilton Elem School",0.2,4,"PRITZKER",8,NA,NA,11,41.8781136,-87.6297982
"Turner-Drew Elem Language Academy",0.9,20,"ROBICHAUX (JOSEPH)",30,NA,NA,10,41.7258197,-87.6304959
"Twain Elem School",0.8,18,"VITTUM (HARRIET ELIZABETH)",271,NA,NA,118,41.7990856,-87.7594648
"Univ of Chicago Chtr-Donoghue",0.3,7,"MIDWAY PLAISANCE",32,NA,NA,10,41.7904484,-87.6003953
"Univ of Chicago Chtr-Nth Kenwood",0.4,9,"HARSH (VIVIAN G.)",31,NA,NA,18,41.8094772,-87.5932664
"Univ of Chicago Chtr-Woodlawn",0.1,3,"BEEHIVE",32,434.4,389.3,35,41.78058,-87.5915351
"Uplift Community High School",0.3,6,"ASTER",1,366.9,370,NA,41.9659998,-87.6522014
"Urban Prep Charter Acad for Young Men - Downtown Campus",0.1,2,"WILLIAMS (DANIEL HALE)",0,347,354,0,41.8440706,-87.6288359
"Urban Prep Chtr Acad Bronzeville HS",0.1,2,"WILLIAMS (DANIEL HALE)",4,417.8,398.5,NA,41.8440706,-87.6288359
"Urban Prep Chtr Acad Englewood HS",0.3,7,"JUNCTION GROVE",0,402.5,386.9,7,41.7822189,-87.6349286
"Vanderpoel Elem Magnet School",0.2,4,"RIDGE PARK WETLANDS",45,NA,NA,19,41.7205878,-87.665872
"Volta Elem School",0.2,4,"PRITZKER",34,NA,NA,47,41.8781136,-87.6297982
"Von Steuben Metro Science HS",0.7,14,"FIELD (EUGENE)",157,513.9,503.2,149,41.9727844,-87.7128743
"Wacker Elem School",0.2,4,"PRITZKER",23,NA,NA,18,41.8781136,-87.6297982
"Wadsworth Elem School",0.2,4,"PRITZKER",34,NA,NA,22,41.8781136,-87.6297982
"Walsh Elem School",0.1,3,"REYES (GUADALUPE)",27,NA,NA,13,41.8546587,-87.6479006
"Walter Henri Dyett High School for the Arts",0.2,4,"PRITZKER",6,414.5,393.4,5,41.8781136,-87.6297982
"Ward  J Elem School",0.4,10,"SINTIC (GREGORY)",132,NA,NA,75,41.8434618,-87.6350953
"Ward  L Elem School",0.2,4,"PRITZKER",8,NA,NA,7,41.8781136,-87.6297982
"Warren Elem School",0.6,14,"MERRILL (GEORGE)",37,NA,NA,14,41.7268473,-87.5752426
"Washington  G Elem School",0.2,4,"PRITZKER",113,NA,NA,81,41.8781136,-87.6297982
"Washington  H Elem School",0.4,8,"BURNSIDE (AMBROSE)",25,NA,NA,9,41.728524,-87.5966497
"Washington G High School",0.2,4,"PRITZKER",42,436.3,414.3,70,41.8781136,-87.6297982
"Waters Elem School",0.2,5,"SUNKEN GARDENS",192,NA,NA,94,41.9642621,-87.6919875
"Webster Elem School",0.2,4,"PRITZKER",22,NA,NA,6,41.8781136,-87.6297982
"Wells Community Academy HS",0.4,9,"PALMER (BERTHA HONORÃ‰)",1,378.6,373.8,10,41.8991215,-87.6682922
"Wells Preparatory Elem Academy",0.1,3,"ANDERSON (LOUIS)",50,NA,NA,8,41.8243636,-87.6198131
"Wentworth Elem School",0.8,18,"MURRAY (DAVID)",12,NA,NA,12,41.7652675,-87.6582549
"West Park Elem Academy",0.2,4,"KEDVALE",61,NA,NA,28,41.9068527,-87.7320853
"West Ridge Elem School",0.2,3,"CHIPPEWA",113,NA,NA,65,42.0026571,-87.7061996
"Westcott Elem School",0.4,9,"AUBURN",25,NA,NA,24,41.7487119,-87.6357168
"Westinghouse High School",0.3,7,"SNAPPING TURTLE",102,507.4,494.6,40,41.8894272,-87.7073059
"Whistler Elem School",0.2,4,"PRITZKER",31,NA,NA,11,41.8781136,-87.6297982
"White Elem Career Academy",0.2,4,"PRITZKER",9,NA,NA,4,41.8781136,-87.6297982
"Whitney Elem School",0.6,13,"PIOTROWSKI (LILLIAN)",77,NA,NA,63,41.8400622,-87.7254079
"Whittier Elem School",0.2,4,"PRITZKER",4,NA,NA,8,41.8781136,-87.6297982
"Wildwood Elem School",0.2,4,"PRITZKER",159,NA,NA,66,41.8781136,-87.6297982
"Williams Medical Prep High Sch",0.3,8,"TOUHY-HERBERT (JOHN, VICTOR)",1,437.6,414.7,2,41.8769747,-87.6832298
"Woodlawn Elem Community School",0.2,5,"FLYING SQUIRREL",29,NA,NA,12,41.7735165,-87.5940261
"Woodson South Elem School",0.2,4,"PRITZKER",14,NA,NA,8,41.8781136,-87.6297982
"World Language High School",0.4,9,"PIOTROWSKI (LILLIAN)",9,453.8,407.6,21,41.8358272,-87.7356305
"Yates Elem School",0.2,4,"PRITZKER",32,NA,NA,16,41.8781136,-87.6297982
"YCCS Chtr - Chatham",0.5,10,"BROWN (SIDNEY) MEML.",0,387.1,370,2,41.7401204,-87.614636
"YCCS West",0.4,8,"LA FOLLETTE (ROBERT)",0,371.5,371.3,0,41.901997,-87.7495031
"YCCS- McKinley-Lakeside Leadership Academy",0.3,7,"WILLIAMS (DANIEL HALE)",0,371.2,351.2,1,41.8413541,-87.6254151
"YCCS-Albizu Campos Puerto Rican HS",0.2,4,"PRITZKER",0,386.7,369.8,4,41.8781136,-87.6297982
"YCCS-ASPIRA Pantoja Alt HS",0.4,9,"PARK-VIEW",2,369.6,365.9,3,41.9379358,-87.7270095
"YCCS-Association House",0.2,5,"REYES (GUADALUPE)",0,390.5,368.5,0,41.8570202,-87.6451273
"YCCS-CCA Academy HS",0.3,7,"NINEBARK",0,359.7,340.9,NA,41.8650756,-87.7247935
"YCCS-Community Youth Dev Inst HS",0.2,5,"REYES (GUADALUPE)",0,365,355.4,NA,41.8570202,-87.6451273
"YCCS-Innovations of Arts Integr HS",0.2,5,"REYES (GUADALUPE)",0,380.3,359.1,0,41.8570202,-87.6451273
"YCCS-Latino Youth Alternative HS",0.2,5,"REYES (GUADALUPE)",0,376.6,360.5,0,41.8570202,-87.6451273
"YCCS-Olive Harvey Mid College HS",1.6,36,"BURNSIDE (AMBROSE)",0,391.9,368.5,2,41.709907,-87.589316
"YCCS-Progressive Leadership Academy",0.2,5,"REYES (GUADALUPE)",0,373.3,339.8,0,41.8570202,-87.6451273
"YCCS-Scholastic Achievement HS",0.2,5,"REYES (GUADALUPE)",0,374.8,361.9,3,41.8570202,-87.6451273
"YCCS-Sullivan House Alt HS",0.2,5,"REYES (GUADALUPE)",1,366.7,369,NA,41.8570202,-87.6451273
"YCCS-Truman Middle College HS",0.2,5,"REYES (GUADALUPE)",3,400.9,397.6,5,41.8570202,-87.6451273
"YCCS-West Town Academy Alt HS",0.2,4,"SNAPPING TURTLE",1,376.4,372.1,0,41.891411,-87.7025093
"YCCS-Youth Connection Leadership Academy",0.2,5,"REYES (GUADALUPE)",2,386.5,376.5,0,41.8570202,-87.6451273
"Young Elem School",0.5,11,"GALEWOOD",28,NA,NA,13,41.9066503,-87.7676961
"Young Magnet High School",0.3,6,"SKINNER (MARK)",640,638.8,650.8,514,41.8776894,-87.6630835
"Zapata Elem Academy",0.7,16,"PIOTROWSKI (LILLIAN)",108,NA,NA,63,41.8417417,-87.7354488
